{
	"ambientocclusion": false,
	"textures": {
		"particle": "block/activator_rail_on"
	},
	"elements": [
		{
			"from": [12, 8.8, -3.3],
			"to": [14, 9.8, 20],
			"rotation": {"angle": -45, "axis": "x", "origin": [8, 9, 8]},
			"faces": {
				"north": {"uv": [14, 0, 12, 1], "texture": "#particle", "cullface": "north"},
				"east": {"uv": [13, 0, 14, 16], "rotation": 90, "texture": "#particle"},
				"south": {"uv": [12, 15, 14, 16], "texture": "#particle", "cullface": "south"},
				"west": {"uv": [12, 0, 13, 16], "rotation": 90, "texture": "#particle"},
				"up": {"uv": [12, 0, 14, 16], "texture": "#particle"},
				"down": {"uv": [12, 0, 14, 16], "texture": "#particle"}
			}
		},
		{
			"from": [2, 8.8, -3.3],
			"to": [4, 9.8, 20],
			"rotation": {"angle": -45, "axis": "x", "origin": [8, 9, 8]},
			"faces": {
				"north": {"uv": [4, 0, 2, 1], "texture": "#particle", "cullface": "north"},
				"east": {"uv": [3, 0, 4, 16], "rotation": 90, "texture": "#particle"},
				"south": {"uv": [2, 15, 4, 16], "texture": "#particle", "cullface": "south"},
				"west": {"uv": [2, 0, 3, 16], "rotation": 90, "texture": "#particle"},
				"up": {"uv": [2, 0, 4, 16], "texture": "#particle"},
				"down": {"uv": [2, 0, 4, 16], "texture": "#particle"}
			}
		},
		{
			"from": [1, 8.8, -2],
			"to": [15, 9.3, 1],
			"rotation": {"angle": -45, "axis": "x", "origin": [8, 9, 8]},
			"faces": {
				"north": {"uv": [15, 14, 1, 15], "texture": "#particle", "cullface": "north"},
				"east": {"uv": [1, 15, 2, 13], "rotation": 90, "texture": "#particle"},
				"south": {"uv": [1, 13, 15, 14], "texture": "#particle", "cullface": "south"},
				"west": {"uv": [14, 13, 15, 15], "rotation": 90, "texture": "#particle"},
				"up": {"uv": [1, 15, 15, 13], "texture": "#particle"},
				"down": {"uv": [1, 13, 15, 15], "texture": "#particle"}
			}
		},
		{
			"from": [1, 8.8, 3.7],
			"to": [15, 9.3, 6.7],
			"rotation": {"angle": -45, "axis": "x", "origin": [8, 9, 8]},
			"faces": {
				"north": {"uv": [15, 10, 1, 11], "texture": "#particle", "cullface": "north"},
				"east": {"uv": [1, 11, 2, 9], "rotation": 90, "texture": "#particle"},
				"south": {"uv": [1, 5, 15, 6], "texture": "#particle", "cullface": "south"},
				"west": {"uv": [14, 9, 15, 11], "rotation": 90, "texture": "#particle"},
				"up": {"uv": [1, 11, 15, 9], "texture": "#particle"},
				"down": {"uv": [1, 9, 15, 11], "texture": "#particle"}
			}
		},
		{
			"from": [1, 8.8, 9.3],
			"to": [15, 9.3, 12.3],
			"rotation": {"angle": -45, "axis": "x", "origin": [8, 9, 8]},
			"faces": {
				"north": {"uv": [15, 6, 1, 7], "texture": "#particle", "cullface": "north"},
				"east": {"uv": [1, 7, 2, 5], "rotation": 90, "texture": "#particle"},
				"south": {"uv": [1, 5, 15, 6], "texture": "#particle", "cullface": "south"},
				"west": {"uv": [14, 5, 15, 7], "rotation": 90, "texture": "#particle"},
				"up": {"uv": [1, 7, 15, 5], "texture": "#particle"},
				"down": {"uv": [1, 5, 15, 7], "texture": "#particle"}
			}
		},
		{
			"from": [1, 8.8, 15],
			"to": [15, 9.3, 18],
			"rotation": {"angle": -45, "axis": "x", "origin": [8, 9, 8]},
			"faces": {
				"north": {"uv": [15, 2, 1, 3], "texture": "#particle", "cullface": "north"},
				"east": {"uv": [1, 3, 2, 1], "rotation": 90, "texture": "#particle"},
				"south": {"uv": [1, 1, 15, 2], "texture": "#particle", "cullface": "south"},
				"west": {"uv": [14, 1, 15, 3], "rotation": 90, "texture": "#particle"},
				"up": {"uv": [1, 3, 15, 1], "texture": "#particle"},
				"down": {"uv": [1, 1, 15, 3], "texture": "#particle"}
			}
		},
		{
			"from": [7, 8.8, 1],
			"to": [9, 8.8, 15],
			"rotation": {"angle": -45, "axis": "x", "origin": [8, 9, 8]},
			"faces": {
				"north": {"uv": [15, 14, 1, 15], "texture": "#particle", "cullface": "north"},
				"east": {"uv": [1, 15, 2, 13], "rotation": 90, "texture": "#particle"},
				"south": {"uv": [1, 13, 15, 14], "texture": "#particle", "cullface": "south"},
				"west": {"uv": [14, 13, 15, 15], "rotation": 90, "texture": "#particle"},
				"up": {"uv": [7, 12.999, 9, 3], "texture": "#particle"},
				"down": {"uv": [7, 3, 9, 12.999], "texture": "#particle"}
			}
		},
		{
			"from": [-1, -5, 5.5],
			"to": [0, 17, 6.5],
			"rotation": {"angle": 45, "axis": "x", "origin": [0.5, 0.5, 0.5]},
			"faces": {
				"north": {"uv": [2, 0, 3, 16], "texture": "#particle"},
				"east": {"uv": [2, 0, 3, 15.999], "texture": "#particle"},
				"south": {"uv": [2, 0, 3, 16], "texture": "#particle"},
				"west": {"uv": [2, 0, 3, 15.999], "texture": "#particle"},
				"up": {"uv": [3, 1, 4, 1.999], "texture": "#particle"},
				"down": {"uv": [3, 1, 4, 2], "texture": "#particle"}
			}
		},
		{
			"from": [-1, -4, 3.5],
			"to": [0, 18, 4.5],
			"rotation": {"angle": 45, "axis": "x", "origin": [0.5, 0.5, 0.5]},
			"faces": {
				"north": {"uv": [2, 0, 3, 16], "texture": "#particle"},
				"east": {"uv": [2, 0, 3, 15.999], "texture": "#particle"},
				"south": {"uv": [13, 0, 14, 16], "texture": "#particle"},
				"west": {"uv": [13, 0, 14, 15.999], "texture": "#particle"},
				"up": {"uv": [3, 1, 4, 2], "texture": "#particle"},
				"down": {"uv": [12, 1, 13, 1.999], "texture": "#particle"}
			}
		},
		{
			"from": [-1, -5, 4.5],
			"to": [0, 17, 5.5],
			"rotation": {"angle": 45, "axis": "x", "origin": [0.5, 0.5, 0.5]},
			"faces": {
				"north": {"uv": [0, 0, 1, 16], "texture": "#particle"},
				"east": {"uv": [0, 0, 1, 15.999], "texture": "#particle"},
				"south": {"uv": [0, 0, 1, 16], "texture": "#missing"},
				"west": {"uv": [4, 0, 5, 15.999], "texture": "#particle"},
				"up": {"uv": [0, 0, 1, 0.999], "texture": "#particle"}
			}
		},
		{
			"from": [-1.5, 7.8, 15],
			"to": [0, 11.3, 16],
			"faces": {
				"north": {"uv": [3, 1, 4, 2], "texture": "#particle"},
				"east": {"uv": [3, 1, 4, 2], "texture": "#particle"},
				"south": {"uv": [3, 1, 4, 2], "texture": "#particle"},
				"west": {"uv": [3, 1, 4, 2], "texture": "#particle"},
				"up": {"uv": [3, 1, 4, 2], "texture": "#particle"},
				"down": {"uv": [3, 1, 4, 2], "texture": "#particle"}
			}
		},
		{
			"from": [-1.5, -8.2, 0],
			"to": [0, -4.7, 1],
			"faces": {
				"north": {"uv": [3, 1, 4, 2], "texture": "#particle"},
				"east": {"uv": [3, 1, 4, 2], "texture": "#particle"},
				"south": {"uv": [3, 1, 4, 2], "texture": "#particle"},
				"west": {"uv": [3, 1, 4, 2], "texture": "#particle"},
				"up": {"uv": [3, 1, 4, 2], "texture": "#particle"},
				"down": {"uv": [3, 1, 4, 2], "texture": "#particle"}
			}
		},
		{
			"from": [16, -5, 5.5],
			"to": [17, 17, 6.5],
			"rotation": {"angle": 45, "axis": "x", "origin": [17.5, 0.5, 0.5]},
			"faces": {
				"north": {"uv": [2, 0, 3, 16], "texture": "#particle"},
				"east": {"uv": [2, 0, 3, 15.999], "texture": "#particle"},
				"south": {"uv": [2, 0, 3, 16], "texture": "#particle"},
				"west": {"uv": [2, 0, 3, 15.999], "texture": "#particle"},
				"up": {"uv": [3, 1, 4, 1.999], "texture": "#particle"},
				"down": {"uv": [3, 1, 4, 2], "texture": "#particle"}
			}
		},
		{
			"from": [16, -4, 3.5],
			"to": [17, 18, 4.5],
			"rotation": {"angle": 45, "axis": "x", "origin": [17.5, 0.5, 0.5]},
			"faces": {
				"north": {"uv": [2, 0, 3, 16], "texture": "#particle"},
				"east": {"uv": [2, 0, 3, 15.999], "texture": "#particle"},
				"south": {"uv": [13, 0, 14, 16], "texture": "#particle"},
				"west": {"uv": [13, 0, 14, 15.999], "texture": "#particle"},
				"up": {"uv": [3, 1, 4, 2], "texture": "#particle"},
				"down": {"uv": [12, 1, 13, 1.999], "texture": "#particle"}
			}
		},
		{
			"from": [16, -5, 4.5],
			"to": [17, 17, 5.5],
			"rotation": {"angle": 45, "axis": "x", "origin": [17.5, 0.5, 0.5]},
			"faces": {
				"north": {"uv": [0, 0, 1, 16], "texture": "#particle"},
				"east": {"uv": [4, 0, 5, 15.999], "texture": "#particle"},
				"south": {"uv": [0, 0, 1, 16], "texture": "#missing"},
				"west": {"uv": [0, 0, 1, 15.999], "texture": "#particle"},
				"up": {"uv": [0, 0, 1, 0.999], "texture": "#particle"}
			}
		},
		{
			"from": [16, 7.8, 15],
			"to": [17.5, 11.3, 16],
			"faces": {
				"north": {"uv": [3, 1, 4, 2], "texture": "#particle"},
				"east": {"uv": [3, 1, 4, 2], "texture": "#particle"},
				"south": {"uv": [3, 1, 4, 2], "texture": "#particle"},
				"west": {"uv": [3, 1, 4, 2], "texture": "#particle"},
				"up": {"uv": [3, 1, 4, 2], "texture": "#particle"},
				"down": {"uv": [3, 1, 4, 2], "texture": "#particle"}
			}
		},
		{
			"from": [16, -8.2, 0],
			"to": [17.5, -4.7, 1],
			"faces": {
				"north": {"uv": [3, 1, 4, 2], "texture": "#particle"},
				"east": {"uv": [3, 1, 4, 2], "texture": "#particle"},
				"south": {"uv": [3, 1, 4, 2], "texture": "#particle"},
				"west": {"uv": [3, 1, 4, 2], "texture": "#particle"},
				"up": {"uv": [3, 1, 4, 2], "texture": "#particle"},
				"down": {"uv": [3, 1, 4, 2], "texture": "#particle"}
			}
		}
	],
	"groups": [
		{
			"name": "rail",
			"children": [0, 1, 2, 3, 4, 5, 6]
		},
		{
			"name": "sideLine1",
			"children": [7, 8, 9, 10, 11]
		},
		{
			"name": "sideLine2",
			"children": [12, 13, 14, 15, 16]
		}
	]
}