{
  "textures": {
    "particle": "block/bell_bottom",
    "bar": "block/bell_bar"
  },
  "elements": [
    {
      "from": [2, 13, 7],
      "to": [14, 15, 9],
      "faces": {
        "north": {"uv": [4, 2, 16, 4], "texture": "#bar"},
        "south": {"uv": [4, 2, 16, 4], "texture": "#bar"},
        "up": {"uv": [4, 2, 16, 5], "texture": "#bar"},
        "down": {"uv": [4, 3, 16, 4], "texture": "#bar"}
      }
    },
    {
      "from": [14, 0, 6],
      "to": [16, 16, 10],
      "faces": {
        "north": {"uv": [0, 1, 1, 16], "texture": "#bar"},
        "east": {"uv": [0, 1, 4, 16], "texture": "#bar"},
        "south": {"uv": [0, 1, 1, 16], "texture": "#bar"},
        "west": {"uv": [0, 1, 4, 16], "texture": "#bar"},
        "up": {"uv": [6, 12, 8, 16], "texture": "#bar", "cullface": "up"},
        "down": {"uv": [6, 12, 8, 16], "texture": "#bar", "cullface": "down"}
      }
    },
    {
      "from": [0, 0, 6],
      "to": [2, 16, 10],
      "faces": {
        "north": {"uv": [0, 1, 1, 16], "texture": "#bar"},
        "east": {"uv": [0, 1, 4, 16], "texture": "#bar"},
        "south": {"uv": [0, 1, 1, 16], "texture": "#bar"},
        "west": {"uv": [0, 1, 4, 16], "texture": "#bar"},
        "up": {"uv": [4, 12, 6, 16], "texture": "#bar", "cullface": "up"},
        "down": {"uv": [4, 12, 6, 16], "texture": "#bar", "cullface": "down"}
      }
    }
  ]
}