{
	"textures": {
		"power": "block/power_off",
		"particle": "#texture"
	},
	"elements": [
		{
			"from": [5, 0, 6],
			"to": [11, 2, 10],
			"faces": {
				"north": {"uv": [5, 14, 11, 16], "texture": "#texture"},
				"east": {"uv": [6, 14, 10, 16], "texture": "#texture"},
				"south": {"uv": [5, 14, 11, 16], "texture": "#texture"},
				"west": {"uv": [6, 14, 10, 16], "texture": "#texture"},
				"up": {"uv": [5, 10, 11, 6], "texture": "#texture"},
				"down": {"uv": [5, 6, 11, 10], "texture": "#texture", "cullface": "down"}
			}
		},
		{
			"from": [4, 0.1, 5],
			"to": [12, 0.1, 6],
			"faces": {
				"north": {"uv": [0, 0, 8, 0], "texture": "#power"},
				"east": {"uv": [0, 0, 1, 0], "texture": "#power"},
				"south": {"uv": [0, 0, 8, 0], "texture": "#power"},
				"west": {"uv": [0, 0, 1, 0], "texture": "#power"},
				"up": {"uv": [4, 15, 12, 16], "texture": "#power"},
				"down": {"uv": [4, 15, 12, 16], "texture": "#power"}
			}
		},
		{
			"from": [4, 0.1, 10],
			"to": [12, 0.1, 11],
			"faces": {
				"north": {"uv": [0, 0, 8, 0], "texture": "#power"},
				"east": {"uv": [0, 0, 1, 0], "texture": "#power"},
				"south": {"uv": [0, 0, 8, 0], "texture": "#power"},
				"west": {"uv": [0, 0, 1, 0], "texture": "#power"},
				"up": {"uv": [4, 15, 12, 16], "texture": "#power"},
				"down": {"uv": [4, 15, 12, 16], "texture": "#power"}
			}
		},
		{
			"from": [4, 0.1, 6],
			"to": [5, 0.1, 10],
			"faces": {
				"north": {"uv": [0, 0, 1, 0], "texture": "#power"},
				"east": {"uv": [0, 0, 4, 0], "texture": "#power"},
				"south": {"uv": [0, 0, 1, 0], "texture": "#power"},
				"west": {"uv": [0, 0, 4, 0], "texture": "#power"},
				"up": {"uv": [0, 6, 1, 10], "texture": "#power"},
				"down": {"uv": [0, 6, 1, 10], "texture": "#power"}
			}
		},
		{
			"from": [11, 0.1, 6],
			"to": [12, 0.1, 10],
			"faces": {
				"north": {"uv": [0, 0, 1, 0], "texture": "#power"},
				"east": {"uv": [0, 0, 4, 0], "texture": "#power"},
				"south": {"uv": [0, 0, 1, 0], "texture": "#power"},
				"west": {"uv": [0, 0, 4, 0], "texture": "#power"},
				"up": {"uv": [0, 6, 1, 10], "texture": "#power"},
				"down": {"uv": [0, 6, 1, 10], "texture": "#power"}
			}
		}
	]
}