{
  "ambientocclusion": false,
  "textures": {
    "particle": "#bottom",
    "power": "block/power_on"
  },
  "elements": [
    {
      "from": [0, 0, 0],
      "to": [3, 16, 16],
      "faces": {
        "north": {"uv": [3, 0, 0, 16], "texture": "#bottom", "cullface": "north"},
        "east": {"uv": [16, 0, 0, 16], "texture": "#bottom"},
        "south": {"uv": [0, 0, 3, 16], "texture": "#bottom", "cullface": "south"},
        "west": {"uv": [0, 0, 16, 16], "texture": "#bottom", "cullface": "west"},
        "down": {"uv": [13, 0, 16, 16], "texture": "#bottom", "cullface": "down"}
      }
    },
    {
      "from": [1, -0.1, -0.1],
      "to": [2, 16, 16.1],
      "faces": {
        "north": {"uv": [0, 0, 1, 16], "texture": "#power"},
        "south": {"uv": [15, 0, 16, 16], "texture": "#power"},
        "down": {"uv": [0, 0, 1, 16], "texture": "#power"}
      }
    },
    {
      "from": [-0.1, 1, 1],
      "to": [3.1, 2, 15],
      "faces": {
        "east": {"uv": [1, 14, 15, 15], "texture": "#power"},
        "west": {"uv": [1, 14, 15, 15], "texture": "#power"}
      }
    },
    {
      "from": [-0.1, 2, 1],
      "to": [3.1, 16, 2],
      "faces": {
        "east": {"uv": [14, 0, 15, 14], "texture": "#power"},
        "west": {"uv": [1, 0, 2, 14], "texture": "#power"}
      }
    },
    {
      "from": [-0.1, 2, 14],
      "to": [3.1, 16, 15],
      "faces": {
        "east": {"uv": [1, 0, 2, 14], "texture": "#power"},
        "west": {"uv": [14, 0, 15, 14], "texture": "#power"}
      }
    }
  ]
}