{
	"textures": {
		"front": "block/dropper_front",
		"side": "block/dropper_side",
		"back": "block/dropper_back",
		"particle": "block/dropper_front"
	},
	"elements": [
		{
			"from": [0, 0, 0],
			"to": [16, 16, 16],
			"faces": {
				"north": {"uv": [0, 0, 16, 16], "texture": "#side"},
				"east": {"uv": [0, 0, 16, 16], "texture": "#side"},
				"south": {"uv": [0, 0, 16, 16], "texture": "#side"},
				"west": {"uv": [0, 0, 16, 16], "texture": "#side"},
				"up": {"uv": [0, 0, 16, 16], "rotation": 180, "texture": "#front"},
				"down": {"uv": [0, 16, 16, 0], "rotation": 180, "texture": "#back"}
			}
		}
	]
}