{
    "textures": {
        "0": "block/activator_rail",
        "1": "block/activator_rail_rote",
        "particle": "block/activator_rail"
    },
    "elements": [
        {
            "from": [1, 1, 13],
            "to": [15, 1.5, 15],
            "faces": {
                "north": {"uv": [1, 2, 15, 2.5], "texture": "#0"},
                "east": {"uv": [1, 14.5, 3, 14], "texture": "#1"},
                "south": {"uv": [1, 1, 15, 1.5], "texture": "#0"},
                "west": {"uv": [3, 1.5, 1, 1], "texture": "#1"},
                "up": {"uv": [15, 3, 1, 1], "texture": "#0"},
                "down": {"uv": [1, 1, 15, 3], "texture": "#0"}
            }
        },
        {
            "from": [1, 1, 9],
            "to": [15, 1.5, 11],
            "faces": {
                "north": {"uv": [1, 6, 15, 6.5], "texture": "#0"},
                "east": {"uv": [5, 14.5, 7, 14], "texture": "#1"},
                "south": {"uv": [1, 5, 15, 5.5], "texture": "#0"},
                "west": {"uv": [7, 1.5, 5, 1], "texture": "#1"},
                "up": {"uv": [15, 7, 1, 5], "texture": "#0"},
                "down": {"uv": [1, 5, 15, 7], "texture": "#0"}
            }
        },
        {
            "from": [1, 1, 5],
            "to": [15, 1.5, 7],
            "faces": {
                "north": {"uv": [1, 10, 15, 10.5], "texture": "#0"},
                "east": {"uv": [9, 14.5, 11, 14], "texture": "#1"},
                "south": {"uv": [1, 9, 15, 9.5], "texture": "#0"},
                "west": {"uv": [11, 1.5, 9, 1], "texture": "#1"},
                "up": {"uv": [15, 11, 1, 9], "texture": "#0"},
                "down": {"uv": [1, 9, 15, 11], "texture": "#0"}
            }
        },
        {
            "from": [1, 1, 1],
            "to": [15, 1.5, 3],
            "faces": {
                "north": {"uv": [1, 13.999, 15, 14.499], "texture": "#0"},
                "east": {"uv": [13, 14.5, 15, 14], "texture": "#1"},
                "south": {"uv": [1, 13, 15, 13.5], "texture": "#0"},
                "west": {"uv": [15, 1.5, 13, 1], "texture": "#1"},
                "up": {"uv": [15, 15, 1, 13], "texture": "#0"},
                "down": {"uv": [1, 13, 15, 15], "texture": "#0"}
            }
        },
        {
            "from": [12, 1, 0],
            "to": [14, 2, 16],
            "faces": {
                "north": {"uv": [2, 15, 4, 16], "texture": "#0"},
                "east": {"uv": [0, 2, 15.999, 3], "texture": "#1"},
                "south": {"uv": [12, 0, 14, 1], "texture": "#0"},
                "west": {"uv": [0, 12, 16, 13], "texture": "#1"},
                "up": {"uv": [4, 16, 2, 0], "texture": "#0"},
                "down": {"uv": [12, 0, 14, 16], "texture": "#0"}
            }
        },
        {
            "from": [2, 1, 0],
            "to": [4, 2, 16],
            "faces": {
                "north": {"uv": [12, 15, 14, 16], "texture": "#0"},
                "east": {"uv": [0, 3, 16, 4], "texture": "#1"},
                "south": {"uv": [2, 0, 4, 1], "texture": "#0"},
                "west": {"uv": [0, 12, 15.999, 13], "texture": "#1"},
                "up": {"uv": [14, 0, 12, 16], "texture": "#0"},
                "down": {"uv": [2, 0, 4, 16], "texture": "#0"}
            }
        },
        {
            "from": [7, 1, 3],
            "to": [9, 1, 13],
            "faces": {
                "north": {"uv": [1, 13.999, 15, 14.499], "texture": "#0"},
                "east": {"uv": [13, 14.5, 15, 14], "texture": "#1"},
                "south": {"uv": [1, 13, 15, 13.5], "texture": "#0"},
                "west": {"uv": [15, 1.5, 13, 1], "texture": "#1"},
                "up": {"uv": [9, 12.999, 7, 3], "texture": "#0"},
                "down": {"uv": [7, 3, 9, 12.999], "texture": "#0"}
            }
        },
        {
            "from": [-1.5, -8.2, 0],
            "to": [0, -4.7, 1],
            "faces": {
                "north": {"uv": [3, 1, 3.499, 4.5], "texture": "#0"},
                "east": {"uv": [3, 2, 4, 5.5], "texture": "#0"},
                "south": {"uv": [3, 1, 3.499, 4.5], "texture": "#0"},
                "west": {"uv": [3, 2, 4, 5.5], "texture": "#0"},
                "up": {"uv": [1, 3, 2.5, 4], "texture": "#1"},
                "down": {"uv": [3, 1, 3.5, 2], "texture": "#0"}
            }
        },
        {
            "from": [-1.5, -8.2, 15],
            "to": [0, -4.7, 16],
            "faces": {
                "north": {"uv": [3, 1, 3.499, 4.5], "texture": "#0"},
                "east": {"uv": [3, 2, 4, 5.5], "texture": "#0"},
                "south": {"uv": [3, 1, 3.499, 4.5], "texture": "#0"},
                "west": {"uv": [3, 1, 4, 4.5], "texture": "#0"},
                "up": {"uv": [1, 3, 2.5, 4], "texture": "#1"},
                "down": {"uv": [3, 1, 3.5, 2], "texture": "#0"}
            }
        },
        {
            "from": [-1, -6, 0.1],
            "to": [0, -5, 15.9],
            "faces": {
                "north": {"uv": [4, 0, 5, 1], "texture": "#missing"},
                "east": {"uv": [0, 2, 16, 3], "texture": "#1"},
                "south": {"uv": [4, 0, 5, 1], "texture": "#missing"},
                "west": {"uv": [0, 2, 16, 3], "texture": "#1"},
                "up": {"uv": [2, 0, 3, 16], "texture": "#0"},
                "down": {"uv": [2, 0, 3, 16], "texture": "#0"}
            }
        },
        {
            "from": [-1, -8, 0.1],
            "to": [0, -7, 15.9],
            "faces": {
                "north": {"uv": [4, 0, 5, 1], "texture": "#missing"},
                "east": {"uv": [0, 2, 16, 3], "texture": "#1"},
                "south": {"uv": [4, 0, 5, 1], "texture": "#missing"},
                "west": {"uv": [0, 13, 16, 14], "texture": "#1"},
                "up": {"uv": [13, 0, 14, 16], "texture": "#0"},
                "down": {"uv": [2, 0, 3, 15.998], "texture": "#0"}
            }
        },
        {
            "from": [-1, -7, 0.1],
            "to": [0, -6, 15.9],
            "faces": {
                "north": {"uv": [0, 5, 1, 6], "texture": "#missing"},
                "east": {"uv": [0, 0, 16, 1], "texture": "#1"},
                "south": {"uv": [0, 5, 1, 6], "texture": "#missing"},
                "west": {"uv": [0, 11, 16, 12], "texture": "#1"},
                "up": {"uv": [0, 0, 1, 16], "texture": "#missing"},
                "down": {"uv": [0, 0, 1, 16], "texture": "#missing"}
            }
        },
        {
            "from": [16, -7, 0.1],
            "to": [17, -6, 15.9],
            "faces": {
                "north": {"uv": [0, 5, 1, 6], "texture": "#0"},
                "east": {"uv": [0, 4, 16, 5], "texture": "#1"},
                "south": {"uv": [0, 5, 1, 6], "texture": "#0"},
                "west": {"uv": [0, 0, 16, 1], "texture": "#1"},
                "up": {"uv": [0, 0, 1, 16], "texture": "#missing"},
                "down": {"uv": [0, 0, 1, 16], "texture": "#missing"}
            }
        },
        {
            "from": [16, -8, 0.1],
            "to": [17, -7, 15.9],
            "faces": {
                "north": {"uv": [4, 0, 5, 1], "texture": "#0"},
                "east": {"uv": [0, 13, 16, 14], "texture": "#1"},
                "south": {"uv": [4, 0, 5, 1], "texture": "#0"},
                "west": {"uv": [0, 2, 16, 3], "texture": "#1"},
                "up": {"uv": [13, 0, 14, 16], "texture": "#0"},
                "down": {"uv": [2, 0, 3, 15.998], "texture": "#0"}
            }
        },
        {
            "from": [16, -6, 0.1],
            "to": [17, -5, 15.9],
            "faces": {
                "north": {"uv": [4, 0, 5, 1], "texture": "#0"},
                "east": {"uv": [0, 2, 16, 3], "texture": "#1"},
                "south": {"uv": [4, 0, 5, 1], "texture": "#0"},
                "west": {"uv": [0, 2, 16, 3], "texture": "#1"},
                "up": {"uv": [2, 0, 3, 16], "texture": "#0"},
                "down": {"uv": [2, 0, 3, 16], "texture": "#0"}
            }
        },
        {
            "from": [16, -8.2, 15],
            "to": [17.5, -4.7, 16],
            "faces": {
                "north": {"uv": [3, 1, 3.499, 4.5], "texture": "#0"},
                "east": {"uv": [3, 1, 4, 4.5], "texture": "#0"},
                "south": {"uv": [3, 1, 3.499, 4.5], "texture": "#0"},
                "west": {"uv": [3, 1, 4, 4.5], "texture": "#0"},
                "up": {"uv": [1, 3, 2.5, 4], "texture": "#1"},
                "down": {"uv": [1, 3, 2.5, 4], "texture": "#1"}
            }
        },
        {
            "from": [16, -8.2, 0],
            "to": [17.5, -4.7, 1],
            "faces": {
                "north": {"uv": [3, 1, 3.499, 4.5], "texture": "#0"},
                "east": {"uv": [3, 1, 4, 4.5], "texture": "#0"},
                "south": {"uv": [3, 1, 3.499, 4.5], "texture": "#0"},
                "west": {"uv": [3, 1, 4, 4.5], "texture": "#0"},
                "up": {"uv": [1, 3, 2.5, 4], "texture": "#1"},
                "down": {"uv": [1, 3, 2.5, 4], "texture": "#1"}
            }
        }
    ],
    "groups": [
        {
            "name": "rail",
            "children": [0, 1, 2, 3, 4, 5, 6]
        },
        {
            "name": "sideLine1",
            "children": [7, 8, 9, 10, 11]
        },
        {
            "name": "sideLine2",
            "children": [12, 13, 14, 15, 16]
        }
    ]
}