{
	"ambientocclusion": false,
	"textures": {
		"1": "block/activator_rail_rote",
		"particle": "block/activator_rail"
	},
	"elements": [
		{
			"from": [12, 8.8, -4],
			"to": [14, 9.8, 19.3],
			"rotation": {"angle": 45, "axis": "x", "origin": [8, 9, 8]},
			"faces": {
				"north": {"uv": [14, 0, 12, 1], "texture": "#particle", "cullface": "north"},
				"east": {"uv": [13, 0, 14, 16], "rotation": 90, "texture": "#particle"},
				"south": {"uv": [12, 15, 14, 16], "texture": "#particle", "cullface": "south"},
				"west": {"uv": [12, 0, 13, 16], "rotation": 90, "texture": "#particle"},
				"up": {"uv": [12, 0, 14, 16], "texture": "#particle"},
				"down": {"uv": [12, 0, 14, 16], "texture": "#particle"}
			}
		},
		{
			"from": [2, 8.8, -4],
			"to": [4, 9.8, 19.3],
			"rotation": {"angle": 45, "axis": "x", "origin": [8, 9, 8]},
			"faces": {
				"north": {"uv": [4, 0, 2, 1], "texture": "#particle", "cullface": "north"},
				"east": {"uv": [3, 0, 4, 16], "rotation": 90, "texture": "#particle"},
				"south": {"uv": [2, 15, 4, 16], "texture": "#particle", "cullface": "south"},
				"west": {"uv": [2, 0, 3, 16], "rotation": 90, "texture": "#particle"},
				"up": {"uv": [2, 0, 4, 16], "texture": "#particle"},
				"down": {"uv": [2, 0, 3.999, 16], "texture": "#particle"}
			}
		},
		{
			"from": [1, 8.8, 15],
			"to": [15, 9.3, 18],
			"rotation": {"angle": 45, "axis": "x", "origin": [8, 9, 8]},
			"faces": {
				"north": {"uv": [15, 13, 1, 14], "texture": "#particle", "cullface": "north"},
				"east": {"uv": [14, 13, 14.999, 14.999], "rotation": 90, "texture": "#particle"},
				"south": {"uv": [1, 13.999, 15, 14.999], "texture": "#particle", "cullface": "south"},
				"west": {"uv": [2, 15, 1, 13], "rotation": 90, "texture": "#particle"},
				"up": {"uv": [1, 13, 15, 15], "texture": "#particle"},
				"down": {"uv": [1, 15, 14.999, 13], "texture": "#particle"}
			}
		},
		{
			"from": [1, 8.8, 9.3],
			"to": [15, 9.3, 12.3],
			"rotation": {"angle": 45, "axis": "x", "origin": [8, 9, 8]},
			"faces": {
				"north": {"uv": [15, 9, 1, 10], "texture": "#particle", "cullface": "north"},
				"east": {"uv": [14, 9, 14.999, 10.999], "rotation": 90, "texture": "#particle"},
				"south": {"uv": [1, 10, 15, 11], "texture": "#particle", "cullface": "south"},
				"west": {"uv": [2, 11, 1, 9], "rotation": 90, "texture": "#particle"},
				"up": {"uv": [1, 9, 15, 11], "texture": "#particle"},
				"down": {"uv": [1, 11, 14.999, 9], "texture": "#particle"}
			}
		},
		{
			"from": [1, 8.8, 3.7],
			"to": [15, 9.3, 6.7],
			"rotation": {"angle": 45, "axis": "x", "origin": [8, 9, 8]},
			"faces": {
				"north": {"uv": [15, 5, 1, 6], "texture": "#particle", "cullface": "north"},
				"east": {"uv": [14, 5, 14.999, 6.999], "rotation": 90, "texture": "#particle"},
				"south": {"uv": [1, 6, 15, 7], "texture": "#particle", "cullface": "south"},
				"west": {"uv": [2, 7, 1, 5], "rotation": 90, "texture": "#particle"},
				"up": {"uv": [1, 5, 15, 7], "texture": "#particle"},
				"down": {"uv": [1, 7, 14.999, 5], "texture": "#particle"}
			}
		},
		{
			"from": [1, 8.8, -2],
			"to": [15, 9.3, 1],
			"rotation": {"angle": 45, "axis": "x", "origin": [8, 9, 8]},
			"faces": {
				"north": {"uv": [15, 1, 1, 2], "texture": "#particle", "cullface": "north"},
				"east": {"uv": [14, 1, 14.999, 2.999], "rotation": 90, "texture": "#particle"},
				"south": {"uv": [1, 2, 15, 3], "texture": "#particle", "cullface": "south"},
				"west": {"uv": [2, 3, 1, 1], "rotation": 90, "texture": "#particle"},
				"up": {"uv": [1, 1, 15, 3], "texture": "#particle"},
				"down": {"uv": [1, 2.999, 14.999, 1], "texture": "#particle"}
			}
		},
		{
			"from": [7, 8.8, 1],
			"to": [9, 8.8, 15],
			"rotation": {"angle": 45, "axis": "x", "origin": [8, 9, 8]},
			"faces": {
				"north": {"uv": [15, 13, 1, 14], "texture": "#particle", "cullface": "north"},
				"east": {"uv": [14, 13, 14.999, 14.999], "rotation": 90, "texture": "#particle"},
				"south": {"uv": [1, 13.999, 15, 14.999], "texture": "#particle", "cullface": "south"},
				"west": {"uv": [2, 15, 1, 13], "rotation": 90, "texture": "#particle"},
				"up": {"uv": [7, 3, 9, 12.999], "texture": "#particle"},
				"down": {"uv": [7, 12.999, 8.999, 3], "texture": "#particle"}
			}
		},
		{
			"from": [16, 5, -5],
			"to": [17, 6, 17],
			"rotation": {"angle": 45, "axis": "x", "origin": [17.5, 0.5, 0.5]},
			"faces": {
				"north": {"uv": [3, 1, 4, 2], "texture": "#particle"},
				"east": {"uv": [0, 13, 16, 14], "texture": "#1"},
				"south": {"uv": [3, 1, 4, 2], "texture": "#particle"},
				"west": {"uv": [0, 13, 16, 14], "texture": "#1"},
				"up": {"uv": [2, 0, 3, 16], "texture": "#particle"},
				"down": {"uv": [2, 0, 3, 16], "texture": "#particle"}
			}
		},
		{
			"from": [16, 6, -6],
			"to": [17, 7, 16],
			"rotation": {"angle": 45, "axis": "x", "origin": [17.5, 0.5, 0.5]},
			"faces": {
				"north": {"uv": [0, 0, 1, 1], "texture": "#particle"},
				"east": {"uv": [0, 4, 16, 5], "texture": "#1"},
				"south": {"uv": [0, 0, 1, 1], "texture": "#particle"},
				"west": {"uv": [0, 15, 16, 16], "texture": "#1"},
				"up": {"uv": [0, 0, 1, 16], "texture": "#particle"},
				"down": {"uv": [0, 0, 1, 16], "texture": "#particle"}
			}
		},
		{
			"from": [16, 7, -7],
			"to": [17, 8, 15],
			"rotation": {"angle": 45, "axis": "x", "origin": [17.5, 0.5, 0.5]},
			"faces": {
				"north": {"uv": [3, 1, 4, 2], "texture": "#particle"},
				"east": {"uv": [0, 2, 16, 3], "texture": "#1"},
				"south": {"uv": [3, 0, 4, 1], "texture": "#particle"},
				"west": {"uv": [0, 2, 16, 3], "texture": "#1"},
				"up": {"uv": [2, 0, 3, 16], "texture": "#particle"},
				"down": {"uv": [13, 0, 14, 16], "texture": "#particle"}
			}
		},
		{
			"from": [16, -8.2, 15],
			"to": [17.5, -4.7, 16],
			"faces": {
				"north": {"uv": [3, 1, 4, 2], "texture": "#particle"},
				"east": {"uv": [3, 1, 4, 2], "texture": "#particle"},
				"south": {"uv": [3, 1, 4, 2], "texture": "#particle"},
				"west": {"uv": [3, 1, 4, 2], "texture": "#particle"},
				"up": {"uv": [3, 1, 4, 2], "texture": "#particle"},
				"down": {"uv": [3, 1, 3.5, 2], "texture": "#particle"}
			}
		},
		{
			"from": [16, 7.8, 0],
			"to": [17.5, 11.3, 1],
			"faces": {
				"north": {"uv": [3, 1, 4, 2], "texture": "#particle"},
				"east": {"uv": [3, 1, 4, 2], "texture": "#particle"},
				"south": {"uv": [3, 1, 4, 2], "texture": "#particle"},
				"west": {"uv": [3, 1, 4, 2], "texture": "#particle"},
				"up": {"uv": [3, 1, 4, 2], "texture": "#particle"},
				"down": {"uv": [1, 3, 2.5, 4], "texture": "#particle"}
			}
		},
		{
			"from": [-1, 5, -5],
			"to": [0, 6, 17],
			"rotation": {"angle": 45, "axis": "x", "origin": [0.5, 0.5, 0.5]},
			"faces": {
				"north": {"uv": [3, 1, 4, 2], "texture": "#particle"},
				"east": {"uv": [0, 13, 16, 14], "texture": "#1"},
				"south": {"uv": [3, 1, 4, 2], "texture": "#particle"},
				"west": {"uv": [0, 13, 16, 14], "texture": "#1"},
				"up": {"uv": [2, 0, 3, 16], "texture": "#particle"},
				"down": {"uv": [2, 0, 3, 16], "texture": "#particle"}
			}
		},
		{
			"from": [-1, 6, -6],
			"to": [0, 7, 16],
			"rotation": {"angle": 45, "axis": "x", "origin": [0.5, 0.5, 0.5]},
			"faces": {
				"north": {"uv": [0, 0, 1, 1], "texture": "#particle"},
				"east": {"uv": [0, 0, 16, 1], "texture": "#1"},
				"south": {"uv": [0, 0, 1, 1], "texture": "#particle"},
				"west": {"uv": [0, 11, 16, 12], "texture": "#1"},
				"up": {"uv": [0, 0, 1, 16], "texture": "#particle"},
				"down": {"uv": [0, 0, 1, 16], "texture": "#particle"}
			}
		},
		{
			"from": [-1, 7, -7],
			"to": [0, 8, 15],
			"rotation": {"angle": 45, "axis": "x", "origin": [0.5, 0.5, 0.5]},
			"faces": {
				"north": {"uv": [3, 1, 4, 2], "texture": "#particle"},
				"east": {"uv": [0, 2, 16, 3], "texture": "#1"},
				"south": {"uv": [3, 0, 4, 1], "texture": "#particle"},
				"west": {"uv": [0, 2, 16, 3], "texture": "#1"},
				"up": {"uv": [2, 0, 3, 16], "texture": "#particle"},
				"down": {"uv": [13, 0, 14, 16], "texture": "#particle"}
			}
		},
		{
			"from": [-1.5, -8.2, 15],
			"to": [0, -4.7, 16],
			"faces": {
				"north": {"uv": [3, 1, 4, 2], "texture": "#particle"},
				"east": {"uv": [3, 1, 4, 2], "texture": "#particle"},
				"south": {"uv": [3, 1, 4, 2], "texture": "#particle"},
				"west": {"uv": [3, 1, 4, 2], "texture": "#particle"},
				"up": {"uv": [3, 1, 4, 2], "texture": "#particle"},
				"down": {"uv": [3, 1, 3.5, 2], "texture": "#particle"}
			}
		},
		{
			"from": [-1.5, 7.8, 0],
			"to": [0, 11.3, 1],
			"faces": {
				"north": {"uv": [3, 1, 4, 2], "texture": "#particle"},
				"east": {"uv": [3, 1, 4, 2], "texture": "#particle"},
				"south": {"uv": [3, 1, 4, 2], "texture": "#particle"},
				"west": {"uv": [3, 1, 4, 2], "texture": "#particle"},
				"up": {"uv": [3, 1, 4, 2], "texture": "#particle"},
				"down": {"uv": [1, 3, 2.5, 4], "texture": "#particle"}
			}
		}
	],
	"groups": [
		{
			"name": "rail",
			"children": [0, 1, 2, 3, 4, 5, 6]
		},
		{
			"name": "sideLine1",
			"children": [7, 8, 9, 10, 11]
		},
		{
			"name": "sideLine2",
			"children": [12, 13, 14, 15, 16]
		}
	]
}