{
  "ambientocclusion": false,
  "textures": {
    "particle": "#top",
    "power": "block/power_on"
  },
  "elements": [
    {
      "from": [0, 0, 0],
      "to": [3, 16, 16],
      "faces": {
        "north": {"uv": [3, 0, 0, 16], "texture": "#top", "cullface": "north"},
        "east": {"uv": [16, 0, 0, 16], "texture": "#top"},
        "south": {"uv": [0, 0, 3, 16], "texture": "#top", "cullface": "south"},
        "west": {"uv": [0, 0, 16, 16], "texture": "#top", "cullface": "west"},
        "up": {"uv": [13, 0, 16, 16], "texture": "#bottom", "cullface": "up"}
      }
    },
    {
      "from": [1, 0, -0.1],
      "to": [2, 16.1, 16.1],
      "faces": {
        "north": {"uv": [0, 0, 1, 16], "texture": "#power"},
        "south": {"uv": [15, 0, 16, 16], "texture": "#power"},
        "up": {"uv": [0, 0, 1, 16], "texture": "#power"}
      }
    },
    {
      "from": [-0.1, 14, 1],
      "to": [3.1, 15, 15],
      "faces": {
        "east": {"uv": [1, 1, 15, 2], "texture": "#power"},
        "west": {"uv": [1, 1, 15, 2], "texture": "#power"}
      }
    },
    {
      "from": [-0.1, 0, 1],
      "to": [3.1, 14, 2],
      "faces": {
        "east": {"uv": [14, 2, 15, 16], "texture": "#power"},
        "west": {"uv": [1, 2, 2, 16], "texture": "#power"}
      }
    },
    {
      "from": [-0.1, 0, 14],
      "to": [3.1, 14, 15],
      "faces": {
        "east": {"uv": [1, 2, 2, 16], "texture": "#power"},
        "west": {"uv": [14, 2, 15, 16], "texture": "#power"}
      }
    }
  ]
}