{
  "variants": {
    "facing=east,half=lower,hinge=left,powered=false,open=false": {
      "model": "minecraft:block/spruce_door_bottom"
    },
    "facing=east,half=lower,hinge=left,powered=false,open=true": {
      "model": "minecraft:block/spruce_door_bottom_hinge",
      "y": 90
    },
    "facing=east,half=lower,hinge=right,powered=false,open=false": {
      "model": "minecraft:block/spruce_door_bottom_hinge"
    },
    "facing=east,half=lower,hinge=right,powered=false,open=true": {
      "model": "minecraft:block/spruce_door_bottom",
      "y": 270
    },
    "facing=east,half=upper,hinge=left,powered=false,open=false": {
      "model": "minecraft:block/spruce_door_top"
    },
    "facing=east,half=upper,hinge=left,powered=false,open=true": {
      "model": "minecraft:block/spruce_door_top_hinge",
      "y": 90
    },
    "facing=east,half=upper,hinge=right,powered=false,open=false": {
      "model": "minecraft:block/spruce_door_top_hinge"
    },
    "facing=east,half=upper,hinge=right,powered=false,open=true": {
      "model": "minecraft:block/spruce_door_top",
      "y": 270
    },
    "facing=north,half=lower,hinge=left,powered=false,open=false": {
      "model": "minecraft:block/spruce_door_bottom",
      "y": 270
    },
    "facing=north,half=lower,hinge=left,powered=false,open=true": {
      "model": "minecraft:block/spruce_door_bottom_hinge"
    },
    "facing=north,half=lower,hinge=right,powered=false,open=false": {
      "model": "minecraft:block/spruce_door_bottom_hinge",
      "y": 270
    },
    "facing=north,half=lower,hinge=right,powered=false,open=true": {
      "model": "minecraft:block/spruce_door_bottom",
      "y": 180
    },
    "facing=north,half=upper,hinge=left,powered=false,open=false": {
      "model": "minecraft:block/spruce_door_top",
      "y": 270
    },
    "facing=north,half=upper,hinge=left,powered=false,open=true": {
      "model": "minecraft:block/spruce_door_top_hinge"
    },
    "facing=north,half=upper,hinge=right,powered=false,open=false": {
      "model": "minecraft:block/spruce_door_top_hinge",
      "y": 270
    },
    "facing=north,half=upper,hinge=right,powered=false,open=true": {
      "model": "minecraft:block/spruce_door_top",
      "y": 180
    },
    "facing=south,half=lower,hinge=left,powered=false,open=false": {
      "model": "minecraft:block/spruce_door_bottom",
      "y": 90
    },
    "facing=south,half=lower,hinge=left,powered=false,open=true": {
      "model": "minecraft:block/spruce_door_bottom_hinge",
      "y": 180
    },
    "facing=south,half=lower,hinge=right,powered=false,open=false": {
      "model": "minecraft:block/spruce_door_bottom_hinge",
      "y": 90
    },
    "facing=south,half=lower,hinge=right,powered=false,open=true": {
      "model": "minecraft:block/spruce_door_bottom"
    },
    "facing=south,half=upper,hinge=left,powered=false,open=false": {
      "model": "minecraft:block/spruce_door_top",
      "y": 90
    },
    "facing=south,half=upper,hinge=left,powered=false,open=true": {
      "model": "minecraft:block/spruce_door_top_hinge",
      "y": 180
    },
    "facing=south,half=upper,hinge=right,powered=false,open=false": {
      "model": "minecraft:block/spruce_door_top_hinge",
      "y": 90
    },
    "facing=south,half=upper,hinge=right,powered=false,open=true": {
      "model": "minecraft:block/spruce_door_top"
    },
    "facing=west,half=lower,hinge=left,powered=false,open=false": {
      "model": "minecraft:block/spruce_door_bottom",
      "y": 180
    },
    "facing=west,half=lower,hinge=left,powered=false,open=true": {
      "model": "minecraft:block/spruce_door_bottom_hinge",
      "y": 270
    },
    "facing=west,half=lower,hinge=right,powered=false,open=false": {
      "model": "minecraft:block/spruce_door_bottom_hinge",
      "y": 180
    },
    "facing=west,half=lower,hinge=right,powered=false,open=true": {
      "model": "minecraft:block/spruce_door_bottom",
      "y": 90
    },
    "facing=west,half=upper,hinge=left,powered=false,open=false": {
      "model": "minecraft:block/spruce_door_top",
      "y": 180
    },
    "facing=west,half=upper,hinge=left,powered=false,open=true": {
      "model": "minecraft:block/spruce_door_top_hinge",
      "y": 270
    },
    "facing=west,half=upper,hinge=right,powered=false,open=false": {
      "model": "minecraft:block/spruce_door_top_hinge",
      "y": 180
    },
    "facing=west,half=upper,hinge=right,powered=false,open=true": {
      "model": "minecraft:block/spruce_door_top",
      "y": 90
    },
    "facing=east,half=lower,hinge=left,powered=true,open=false": {
      "model": "minecraft:block/spruce_door_bottom_on"
    },
    "facing=east,half=lower,hinge=left,powered=true,open=true": {
      "model": "minecraft:block/spruce_door_bottom_on_hinge",
      "y": 90
    },
    "facing=east,half=lower,hinge=right,powered=true,open=false": {
      "model": "minecraft:block/spruce_door_bottom_on_hinge"
    },
    "facing=east,half=lower,hinge=right,powered=true,open=true": {
      "model": "minecraft:block/spruce_door_bottom_on",
      "y": 270
    },
    "facing=east,half=upper,hinge=left,powered=true,open=false": {
      "model": "minecraft:block/spruce_door_top_on"
    },
    "facing=east,half=upper,hinge=left,powered=true,open=true": {
      "model": "minecraft:block/spruce_door_top_on_hinge",
      "y": 90
    },
    "facing=east,half=upper,hinge=right,powered=true,open=false": {
      "model": "minecraft:block/spruce_door_top_on_hinge"
    },
    "facing=east,half=upper,hinge=right,powered=true,open=true": {
      "model": "minecraft:block/spruce_door_top_on",
      "y": 270
    },
    "facing=north,half=lower,hinge=left,powered=true,open=false": {
      "model": "minecraft:block/spruce_door_bottom_on",
      "y": 270
    },
    "facing=north,half=lower,hinge=left,powered=true,open=true": {
      "model": "minecraft:block/spruce_door_bottom_on_hinge"
    },
    "facing=north,half=lower,hinge=right,powered=true,open=false": {
      "model": "minecraft:block/spruce_door_bottom_on_hinge",
      "y": 270
    },
    "facing=north,half=lower,hinge=right,powered=true,open=true": {
      "model": "minecraft:block/spruce_door_bottom_on",
      "y": 180
    },
    "facing=north,half=upper,hinge=left,powered=true,open=false": {
      "model": "minecraft:block/spruce_door_top_on",
      "y": 270
    },
    "facing=north,half=upper,hinge=left,powered=true,open=true": {
      "model": "minecraft:block/spruce_door_top_on_hinge"
    },
    "facing=north,half=upper,hinge=right,powered=true,open=false": {
      "model": "minecraft:block/spruce_door_top_on_hinge",
      "y": 270
    },
    "facing=north,half=upper,hinge=right,powered=true,open=true": {
      "model": "minecraft:block/spruce_door_top_on",
      "y": 180
    },
    "facing=south,half=lower,hinge=left,powered=true,open=false": {
      "model": "minecraft:block/spruce_door_bottom_on",
      "y": 90
    },
    "facing=south,half=lower,hinge=left,powered=true,open=true": {
      "model": "minecraft:block/spruce_door_bottom_on_hinge",
      "y": 180
    },
    "facing=south,half=lower,hinge=right,powered=true,open=false": {
      "model": "minecraft:block/spruce_door_bottom_on_hinge",
      "y": 90
    },
    "facing=south,half=lower,hinge=right,powered=true,open=true": {
      "model": "minecraft:block/spruce_door_bottom_on"
    },
    "facing=south,half=upper,hinge=left,powered=true,open=false": {
      "model": "minecraft:block/spruce_door_top_on",
      "y": 90
    },
    "facing=south,half=upper,hinge=left,powered=true,open=true": {
      "model": "minecraft:block/spruce_door_top_on_hinge",
      "y": 180
    },
    "facing=south,half=upper,hinge=right,powered=true,open=false": {
      "model": "minecraft:block/spruce_door_top_on_hinge",
      "y": 90
    },
    "facing=south,half=upper,hinge=right,powered=true,open=true": {
      "model": "minecraft:block/spruce_door_top_on"
    },
    "facing=west,half=lower,hinge=left,powered=true,open=false": {
      "model": "minecraft:block/spruce_door_bottom_on",
      "y": 180
    },
    "facing=west,half=lower,hinge=left,powered=true,open=true": {
      "model": "minecraft:block/spruce_door_bottom_on_hinge",
      "y": 270
    },
    "facing=west,half=lower,hinge=right,powered=true,open=false": {
      "model": "minecraft:block/spruce_door_bottom_on_hinge",
      "y": 180
    },
    "facing=west,half=lower,hinge=right,powered=true,open=true": {
      "model": "minecraft:block/spruce_door_bottom_on",
      "y": 90
    },
    "facing=west,half=upper,hinge=left,powered=true,open=false": {
      "model": "minecraft:block/spruce_door_top_on",
      "y": 180
    },
    "facing=west,half=upper,hinge=left,powered=true,open=true": {
      "model": "minecraft:block/spruce_door_top_on_hinge",
      "y": 270
    },
    "facing=west,half=upper,hinge=right,powered=true,open=false": {
      "model": "minecraft:block/spruce_door_top_on_hinge",
      "y": 180
    },
    "facing=west,half=upper,hinge=right,powered=true,open=true": {
      "model": "minecraft:block/spruce_door_top_on",
      "y": 90
    }
  }
}